Epoch,Train Loss,Train MAE,Val Loss,Val RMSE,Val MAE,LR
1,79834.4670614193,270.36350569051694,74132.92259615385,272.27362,262.07697,0.001
2,71932.50825528338,255.29530444406296,66207.47776442308,257.30814,246.49318,0.0005
